user_synth,product_id_num,rate_num
0,2487394,5.0
1,2635312,3.0
2,244412,5.0
3,951997,4.0
4,2077076,3.0
5,5749319,1.0
6,708283,5.0
7,9890682,4.0
8,4111086,1.0
9,8813602,5.0
10,5706108,4.0
11,1827322,5.0
12,2544661,1.9
13,449006,5.0
14,302723,3.0
15,845877,3.25
16,1955113,5.0
17,2491049,3.0
18,5271912,4.0
20,1813001,5.0
21,6016176,1.9
22,6750429,5.0
23,2545357,4.0
23,4303649,5.0
24,335098,5.0
25,3738415,5.0
26,4325840,4.0
27,65557,5.0
28,3172275,5.0
29,3632457,4.0
30,715230,5.0
31,1681358,5.0
32,2235783,5.0
34,1043052,3.0
34,4908806,5.0
35,718969,4.0
35,2885175,3.0
35,6605502,3.0
36,37525,4.65
36,37561,5.0
36,37815,3.0
36,37948,5.0
36,37982,5.0
36,38057,5.0
36,38131,5.0
36,38145,1.4
36,38191,3.0
36,38262,5.0
36,38607,4.0
36,38902,4.5
36,39018,3.4
36,39028,5.0
36,39092,5.0
36,39102,5.0
36,41335,5.0
36,41462,5.0
36,41678,4.0
36,44773,3.0
36,49395,4.2
36,50113,5.0
36,50155,5.0
36,55629,5.0
36,56262,5.0
36,56955,4.5
36,56962,4.0
36,58375,5.0
36,59084,5.0
36,65509,4.0
36,69348,4.0
36,73191,4.75
36,73215,3.0
36,74808,1.0
36,74922,5.0
36,76496,4.25
36,76952,3.0
36,78013,3.0
36,78098,5.0
36,78195,3.0
36,79814,1.0
36,81001,5.0
36,81130,4.0
36,81145,4.0
36,81296,4.0
36,81308,2.0
36,81758,5.0
36,82037,4.0
36,82066,4.5
36,82072,5.0
36,82089,4.0
36,82107,4.0
36,83251,5.0
36,85845,4.0
36,87166,1.0
36,88025,5.0
36,88132,4.0
36,88135,4.0
36,88193,5.0
36,88205,3.0
36,88416,1.8
36,88439,5.0
36,88598,3.0
36,90668,3.0
36,90748,3.75
36,95095,5.0
36,95337,3.0
36,97242,4.3
36,107716,4.0
36,113352,3.0
36,117191,2.9
36,117203,3.0
36,117854,3.0
36,117867,4.0
36,118054,2.0
36,119472,5.0
36,119884,4.65
36,122982,4.1454545454545455
36,125012,1.0
36,125148,5.0
36,125159,5.0
36,125257,1.0
36,125262,3.0
36,125299,4.230769230769231
36,125379,2.0
36,125382,4.0
36,125392,5.0
36,125407,5.0
36,125588,5.0
36,125726,3.0
36,125844,4.0
36,126139,3.0
36,130634,4.0
36,130657,3.0
36,132707,2.0
36,132714,5.0
36,137047,4.0
36,137131,5.0
36,137208,5.0
36,141776,5.0
36,144099,3.0
36,148862,5.0
36,151245,3.0
36,151265,5.0
36,151645,5.0
36,151648,3.75
36,151678,4.0
36,152005,5.0
36,152954,3.0
36,162549,4.0
36,167864,4.0
36,167872,5.0
36,171819,5.0
36,174575,4.0
36,181608,5.0
36,182945,2.6
36,184915,5.0
36,184920,5.0
36,185811,5.0
36,187849,4.0
36,191261,3.0
36,191384,5.0
36,192622,5.0
36,195193,3.0
36,196182,2.7
36,196703,1.0
36,198870,5.0
36,201182,3.5
36,206404,5.0
36,206504,4.5
36,209422,3.0
36,209428,4.4
36,212723,4.0
36,217895,3.0
36,220767,4.0
36,226782,4.75
36,229421,5.0
36,230263,5.0
36,231751,5.0
36,231973,5.0
36,232406,1.0
36,235078,5.0
36,235122,5.0
36,237337,5.0
36,239480,4.8
36,240167,5.0
36,240270,5.0
36,241670,5.0
36,242518,5.0
36,242571,4.0
36,243391,5.0
36,245655,5.0
36,246128,4.65
36,246316,5.0
36,248317,4.25
36,249016,3.0
36,252058,1.0
36,252081,1.2
36,252272,3.0
36,252279,5.0
36,252281,4.0
36,262958,2.0
36,273514,3.0
36,279795,5.0
36,286914,5.0
36,292138,2.0
36,298577,4.0
36,298589,4.6
36,298685,4.0
36,299172,4.0
36,299616,3.0
36,302723,2.8181818181818183
36,323473,3.5
36,324349,5.0
36,326822,4.0
36,326829,3.0
36,335132,5.0
36,338186,4.2
36,339157,4.25
36,348445,2.0
36,353219,3.0
36,353776,5.0
36,353805,5.0
36,353826,4.2
36,354324,3.85
36,363712,2.0
36,369034,4.0
36,374095,5.0
36,376407,5.0
36,382789,4.0
36,382814,4.0
36,382840,2.0
36,385915,5.0
36,386205,3.0
36,386387,1.0
36,386854,3.0
36,393023,4.116666666666666
36,406809,5.0
36,413631,4.5
36,417967,3.75
36,418315,5.0
36,424749,3.0
36,446786,4.0
36,448489,5.0
36,448679,5.0
36,448681,3.0
36,449309,4.0
36,449683,3.6
36,449735,5.0
36,449947,5.0
36,450101,3.6
36,454226,5.0
36,467389,5.0
36,471510,1.0
36,485231,5.0
36,485343,4.0
36,485575,5.0
36,485780,2.0
36,487251,4.0
36,487337,1.0
36,487370,4.0
36,496239,1.0
36,498965,5.0
36,510834,2.0
36,515367,5.0
36,515991,4.0
36,519809,5.0
36,519869,3.5
36,520337,4.0
36,523882,4.5
36,528952,5.0
36,537810,4.0
36,537869,3.0
36,537891,4.0
36,545030,5.0
36,547690,3.0
36,549456,5.0
36,551270,5.0
36,560068,5.0
36,564855,3.0
36,573030,3.0
36,576743,4.0
36,577501,3.0
36,579336,4.8
36,579342,4.0
36,580425,3.5
36,580496,5.0
36,580548,1.0
36,582429,5.0
36,588766,5.0
36,611521,5.0
36,624743,4.0
36,624900,5.0
36,624986,2.5
36,625006,5.0
36,627111,3.0
36,629414,5.0
36,629667,3.0
36,629866,4.0
36,630144,4.8
36,630678,4.0
36,632355,5.0
36,645628,3.0
36,646300,2.25
36,651410,1.0
36,659270,5.0
36,663926,4.0
36,667634,2.25
36,668441,1.0
36,668843,5.0
36,670422,3.0
36,670445,3.0
36,674991,5.0
36,681823,3.9214285714285713
36,682394,1.0
36,683141,4.0
36,685027,5.0
36,687347,3.0
36,689491,3.25
36,690571,3.0
36,701459,5.0
36,701626,5.0
36,703689,4.0
36,708283,3.9166666666666665
36,711136,3.0
36,711783,1.0
36,712553,1.0
36,712839,4.25
36,713039,4.0
36,716187,4.0
36,718698,4.0
36,718761,4.0
36,719060,4.0
36,719103,4.0
36,720533,4.0
36,720858,3.75
36,724596,5.0
36,724971,4.0
36,726703,3.6
36,730032,3.0
36,731373,5.0
36,734551,5.0
36,734616,5.0
36,734643,4.0
36,744783,5.0
36,748402,1.0
36,751989,3.0
36,756172,3.0
36,763078,3.0
36,763287,5.0
36,770195,4.0
36,772872,4.0
36,773191,3.0
36,773204,4.0
36,774102,4.4
36,774218,3.0
36,775323,2.75
36,792388,4.75
36,803801,4.0
36,807135,3.4
36,810174,1.0
36,813050,3.0
36,821703,4.0
36,821812,5.0
36,823801,1.0
36,826147,4.85
36,829758,1.0
36,831820,3.75
36,838786,5.0
36,846207,5.0
36,856742,3.0
36,857720,4.0
36,860668,4.25
36,860690,2.0
36,871895,3.0
36,872510,3.0
36,877085,4.0
36,878069,5.0
36,878146,5.0
36,878409,3.0
36,878790,5.0
36,878795,1.0
36,878993,5.0
36,885885,1.0
36,888099,3.0
36,895763,3.0
36,896466,3.0
36,898706,5.0
36,900845,3.0
36,915476,4.5
36,915490,5.0
36,918612,3.0
36,923405,4.5
36,924792,1.0
36,932227,2.0
36,938697,5.0
36,940792,4.333333333333333
36,940838,5.0
36,949430,5.0
36,952698,1.0
36,953404,4.0
36,953687,3.25
36,955134,4.0
36,955166,3.0
36,956012,5.0
36,956970,5.0
36,964248,5.0
36,965439,5.0
36,966401,1.0
36,971423,3.0
36,972564,1.0
36,980724,5.0
36,981025,3.0
36,981333,4.0
36,981853,4.0
36,983973,3.0
36,985819,3.0
36,986062,5.0
36,994005,3.0
36,994461,5.0
36,995037,5.0
36,998322,5.0
36,998408,4.0
36,998504,1.0
36,999034,4.0
36,999048,2.0
36,999285,5.0
36,999303,1.0
36,999335,4.0
36,999342,4.0
36,1000211,5.0
36,1002554,5.0
36,1004236,4.0
36,1004317,4.0
36,1005416,5.0
36,1006652,5.0
36,1006957,4.0
36,1012290,4.0
36,1014170,5.0
36,1014681,2.0
36,1015594,4.0
36,1019116,4.0
36,1024033,1.0
36,1024836,5.0
36,1025076,3.0
36,1029212,1.0
36,1030895,5.0
36,1033657,3.75
36,1040021,5.0
36,1043077,4.0
36,1050124,5.0
36,1051424,5.0
36,1054837,5.0
36,1059131,5.0
36,1064806,2.0
36,1068347,3.0
36,1079393,4.0
36,1080413,5.0
36,1080480,4.2
36,1082098,5.0
36,1085467,3.0
36,1090365,5.0
36,1094585,3.0
36,1096464,4.0
36,1098052,4.0
36,1098176,1.0
36,1108724,4.0
36,1110968,2.0
36,1113314,4.0
36,1115689,5.0
36,1118153,4.0
36,1121997,5.0
36,1128863,4.0
36,1128901,4.0
36,1128956,2.8
36,1129149,4.0
36,1129471,5.0
36,1133562,4.0
36,1139207,3.0
36,1144276,3.0
36,1144377,3.5
36,1144400,4.5
36,1149581,2.0
36,1149768,5.0
36,1152790,3.4
36,1156757,5.0
36,1157357,3.5
36,1158241,3.0
36,1159128,5.0
36,1166997,5.0
36,1409756,2.0
36,1409757,4.5
36,1418734,1.0
36,1420048,5.0
36,1427518,3.0
36,1429753,5.0
36,1432803,5.0
36,1441688,3.0
36,1442327,1.0
36,1444819,2.0
36,1444979,4.0
36,1446191,4.0
36,1446292,3.0
36,1449311,3.0
36,1449904,3.5
36,1456107,5.0
36,1456361,2.0
36,1457147,3.0
36,1463373,5.0
36,1469313,5.0
36,1472139,3.8
36,1476847,4.4
36,1477238,1.0
36,1477250,5.0
36,1477474,3.0
36,1477476,5.0
36,1479422,4.0
36,1479424,3.5
36,1479481,5.0
36,1481465,5.0
36,1484308,4.0
36,1486342,5.0
36,1487157,5.0
36,1491226,5.0
36,1491237,4.0
36,1494649,4.0
36,1497381,4.0
36,1498659,4.0
36,1498950,5.0
36,1504329,5.0
36,1516060,5.0
36,1517997,5.0
36,1533521,5.0
36,1538809,1.0
36,1541812,5.0
36,1543052,4.0
36,1549772,3.0
36,1553480,1.0
36,1553516,5.0
36,1553531,3.5
36,1555618,5.0
36,1559563,5.0
36,1559699,5.0
36,1567896,3.875
36,1584078,5.0
36,1584258,5.0
36,1584465,5.0
36,1585116,2.7
36,1590188,5.0
36,1602061,5.0
36,1602214,5.0
36,1602252,3.0
36,1603688,5.0
36,1604028,4.5
36,1609077,5.0
36,1609618,3.0
36,1611446,4.0
36,1616058,5.0
36,1616061,5.0
36,1618407,3.0
36,1619366,4.35
36,1624624,4.0
36,1627343,2.0
36,1640269,5.0
36,1644747,5.0
36,1645812,1.0
36,1650062,5.0
36,1661001,5.0
36,1663046,3.0
36,1666347,5.0
36,1677664,3.0
36,1681358,4.483333333333333
36,1682092,4.25
36,1682738,5.0
36,1685011,5.0
36,1687800,3.5
36,1687847,3.0
36,1697380,2.0
36,1706581,2.0
36,1710272,4.0
36,1710702,5.0
36,1715259,5.0
36,1717953,1.0
36,1718306,2.0
36,1721567,3.0
36,1731345,5.0
36,1735920,5.0
36,1738790,3.0
36,1739387,5.0
36,1746120,4.0
36,1747853,3.0
36,1749214,5.0
36,1751770,4.0
36,1752094,4.0
36,1762163,4.0
36,1770789,5.0
36,1770873,2.6666666666666665
36,1771129,4.0
36,1779255,3.0
36,1782251,3.0
36,1784731,5.0
36,1785204,3.0
36,1786312,5.0
36,1786580,5.0
36,1796707,1.0
36,1797324,2.75
36,1798188,5.0
36,1803895,5.0
36,1806624,5.0
36,1808376,4.733333333333333
36,1809948,4.0
36,1810442,5.0
36,1812244,5.0
36,1812938,5.0
36,1813747,5.0
36,1817581,3.0
36,1818416,1.0
36,1822134,5.0
36,1824188,3.8
36,1825019,5.0
36,1825897,1.0
36,1827223,5.0
36,1829830,4.825
36,1840414,4.25
36,1841559,5.0
36,1848445,5.0
36,1848560,1.0
36,1850578,3.0
36,1853002,3.0
36,1858004,5.0
36,1859526,5.0
36,1862707,3.0
36,1863345,5.0
36,1871174,4.0
36,1893093,4.0
36,1894133,5.0
36,1894314,3.75
36,1894427,4.0
36,1899054,4.0
36,1903487,1.5
36,1912628,5.0
36,1913671,5.0
36,1915007,5.0
36,1916648,1.0
36,1917569,3.0
36,1917643,3.0
36,1918030,5.0
36,1920132,3.0
36,1920137,5.0
36,1932309,1.0
36,1932985,4.0
36,1937069,3.0
36,1941753,3.0
36,1943385,4.0
36,1943669,4.0
36,1946415,0.5
36,1950478,4.0
36,1953996,4.0
36,1956086,5.0
36,1958628,5.0
36,1964377,5.0
36,1965640,3.25
36,1978292,4.5
36,1987880,5.0
36,2005247,5.0
36,2008827,2.0
36,2010070,5.0
36,2011982,4.0
36,2013904,4.4
36,2017078,5.0
36,2029301,1.0
36,2030405,5.0
36,2030406,4.5
36,2032488,5.0
36,2034444,3.0
36,2041797,3.0
36,2041827,3.0
36,2043012,5.0
36,2062289,5.0
36,2062670,4.0
36,2075006,5.0
36,2075291,5.0
36,2075425,4.0
36,2075719,4.0
36,2076226,5.0
36,2077089,3.0
36,2077121,2.0
36,2084527,4.0
36,2086945,2.65
36,2087553,4.0
36,2091994,2.0
36,2099676,1.0
36,2108155,1.0
36,2108184,2.0
36,2116123,5.0
36,2116131,5.0
36,2116144,3.0
36,2119959,5.0
36,2131121,3.0
36,2135494,4.6
36,2136549,5.0
36,2139360,2.0
36,2149446,5.0
36,2159996,4.0
36,2160966,1.0
36,2161143,5.0
36,2164180,4.8
36,2171115,4.0
36,2173185,5.0
36,2175635,5.0
36,2182354,5.0
36,2183233,4.7
36,2188573,5.0
36,2188773,3.0
36,2197729,3.0
36,2197784,3.0
36,2198990,5.0
36,2203877,5.0
36,2205668,5.0
36,2211314,2.0
36,2217305,4.0
36,2217703,4.0
36,2223018,5.0
36,2225494,3.0
36,2231777,5.0
36,2235367,5.0
36,2247315,5.0
36,2249058,5.0
36,2250066,3.6
36,2254474,5.0
36,2257721,5.0
36,2257805,5.0
36,2260579,5.0
36,2264945,5.0
36,2267355,5.0
36,2268115,4.0
36,2269126,5.0
36,2275522,3.0
36,2278897,4.0
36,2279004,3.0
36,2292732,5.0
36,2293823,5.0
36,2297930,5.0
36,2309764,5.0
36,2309765,5.0
36,2310974,5.0
36,2312451,4.0
36,2319356,5.0
36,2319460,5.0
36,2324696,3.0
36,2330567,5.0
36,2334946,5.0
36,2343267,5.0
36,2343687,5.0
36,2345968,5.0
36,2350713,5.0
36,2351576,4.0
36,2352717,4.0
36,2355206,1.0
36,2358694,2.0
36,2359454,4.0
36,2360300,3.0
36,2361460,5.0
36,2362005,5.0
36,2365996,5.0
36,2367916,5.0
36,2373666,5.0
36,2376415,4.0
36,2383953,5.0
36,2385078,4.0
36,2391656,5.0
36,2393833,3.0
36,2394912,5.0
36,2401290,5.0
36,2401696,4.0
36,2402739,4.0
36,2406877,4.0
36,2407731,5.0
36,2408987,5.0
36,2410946,5.0
36,2411576,3.0
36,2411703,5.0
36,2414910,4.0
36,2415576,1.0
36,2415797,4.5
36,2425703,1.0
36,2434481,3.35
36,2437009,5.0
36,2438221,3.0
36,2441698,5.0
36,2446674,5.0
36,2448750,4.0
36,2454090,4.0
36,2458685,4.3
36,2459276,4.0
36,2459984,4.0
36,2463247,5.0
36,2464430,5.0
36,2466123,5.0
36,2474699,5.0
36,2475332,4.5
36,2478203,3.0
36,2480641,1.0
36,2487211,3.0
36,2497859,4.0
36,2499501,3.0
36,2504105,3.0
36,2512396,3.75
36,2516231,4.0
36,2517201,4.0
36,2520906,4.0
36,2531333,5.0
36,2531561,2.0
36,2537534,2.0
36,2537876,4.0
36,2538384,3.0
36,2539985,3.0
36,2547162,3.75
36,2547687,4.0
36,2547805,5.0
36,2554529,1.0
36,2566092,4.0
36,2567708,5.0
36,2568159,5.0
36,2571557,4.0
36,2576976,5.0
36,2578210,4.0
36,2578602,4.25
36,2581429,4.0
36,2589135,3.0
36,2596693,4.6
36,2598605,3.0
36,2599286,3.0
36,2601064,5.0
36,2605734,3.0
36,2615508,4.0
36,2629254,4.0
36,2630921,3.0
36,2645301,1.0
36,2645304,5.0
36,2649791,5.0
36,2653606,5.0
36,2656603,5.0
36,2663394,4.25
36,2664151,1.0
36,2666356,4.0
36,2675652,4.1
36,2694369,5.0
36,2696281,5.0
36,2699678,4.0
36,2702776,5.0
36,2704420,3.0
36,2710998,5.0
36,2711837,4.75
36,2714255,4.0
36,2714475,5.0
36,2717136,5.0
36,2718214,4.0
36,2719414,3.5
36,2721233,5.0
36,2726740,5.0
36,2726848,5.0
36,2727911,3.0
36,2731071,4.0
36,2732406,4.0
36,2734821,3.0
36,2744430,5.0
36,2746643,5.0
36,2754176,5.0
36,2754512,5.0
36,2758667,5.0
36,2758828,5.0
36,2759057,5.0
36,2764528,5.0
36,2765878,3.0
36,2772120,4.0
36,2780759,5.0
36,2783467,5.0
36,2784559,5.0
36,2784753,4.5
36,2784905,5.0
36,2785386,3.8
36,2787266,5.0
36,2794197,1.0
36,2801580,4.6
36,2810222,5.0
36,2815062,3.25
36,2817536,3.0
36,2820082,3.0
36,2829723,3.0
36,2832074,3.0
36,2833707,1.0
36,2843102,5.0
36,2855213,5.0
36,2868726,1.0
36,2874605,5.0
36,2876838,3.3
36,2876863,2.0
36,2881666,1.0
36,2881671,3.0
36,2885201,5.0
36,2886858,5.0
36,2887559,3.0
36,2889626,5.0
36,2892937,4.0
36,2895851,3.4
36,2896796,5.0
36,2896949,5.0
36,2897006,1.0
36,2897042,4.0
36,2906633,4.333333333333333
36,2908337,4.0
36,2908501,1.0
36,2910232,5.0
36,2918115,3.0
36,2921539,5.0
36,2940955,4.611111111111111
36,2943394,4.85
36,2946875,4.4
36,2947948,5.0
36,2950763,5.0
36,2976007,5.0
36,2978443,5.0
36,2982355,5.0
36,2983649,3.8
36,2988264,5.0
36,2992195,5.0
36,2993454,4.2
36,3001109,5.0
36,3003499,4.0
36,3005827,5.0
36,3015551,5.0
36,3019282,5.0
36,3019478,5.0
36,3022298,4.0
36,3022622,3.0
36,3022813,5.0
36,3026239,4.0
36,3027160,4.0
36,3027551,5.0
36,3027553,3.8
36,3027622,3.0
36,3030192,1.0
36,3038697,1.0
36,3049265,1.0
36,3054052,3.0
36,3054427,4.583333333333333
36,3058921,4.125
36,3066982,4.0
36,3069800,4.333333333333333
36,3075698,4.0
36,3076702,4.0
36,3079379,4.0
36,3079380,5.0
36,3090776,3.0
36,3094714,5.0
36,3094958,5.0
36,3107333,5.0
36,3113361,3.0
36,3119272,5.0
36,3119298,5.0
36,3120513,5.0
36,3120827,3.0
36,3121314,5.0
36,3124630,4.25
36,3126334,5.0
36,3153708,5.0
36,3158642,3.0
36,3162385,1.0
36,3173066,2.0
36,3173992,1.0
36,3180593,4.0
36,3192224,5.0
36,3193127,2.0
36,3193149,5.0
36,3195032,4.0
36,3204675,5.0
36,3214034,5.0
36,3216751,4.0
36,3216808,5.0
36,3217241,5.0
36,3226998,3.75
36,3230436,3.0
36,3243155,1.0
36,3243703,3.0
36,3246243,4.0
36,3254395,5.0
36,3254851,5.0
36,3255700,3.0
36,3257183,4.0
36,3258998,1.0
36,3261305,5.0
36,3263827,2.4
36,3264490,5.0
36,3265290,3.0
36,3272595,5.0
36,3273279,5.0
36,3279774,5.0
36,3296391,5.0
36,3296486,5.0
36,3297441,5.0
36,3305270,5.0
36,3311748,3.0
36,3312882,5.0
36,3314856,4.0
36,3315439,5.0
36,3323498,5.0
36,3324308,3.0
36,3324746,3.0
36,3326011,4.0
36,3327052,5.0
36,3331625,4.0
36,3333960,3.0
36,3336132,5.0
36,3341859,4.0
36,3357624,5.0
36,3360732,5.0
36,3360815,4.0
36,3363948,5.0
36,3369469,4.25
36,3373716,3.0
36,3381781,4.0
36,3383034,3.0
36,3386257,5.0
36,3386368,5.0
36,3386738,3.0
36,3387385,5.0
36,3394501,3.0
36,3396658,4.0
36,3404150,5.0
36,3404164,4.0
36,3412197,5.0
36,3415190,1.0
36,3420652,4.0
36,3424601,4.0
36,3425890,3.5
36,3434304,4.0
36,3434306,2.0
36,3436591,2.6
36,3443659,5.0
36,3447048,3.0
36,3448785,5.0
36,3453141,3.0
36,3454479,5.0
36,3454492,5.0
36,3455104,5.0
36,3456667,4.0
36,3459941,3.0
36,3460091,4.0
36,3470602,2.5
36,3477655,3.0
36,3478396,3.0
36,3478432,2.75
36,3478438,5.0
36,3479054,4.85
36,3480048,3.5
36,3481457,4.0
36,3483451,3.0
36,3493180,5.0
36,3500190,5.0
36,3505036,5.0
36,3506502,5.0
36,3506503,3.0
36,3514788,2.0
36,3523514,5.0
36,3523565,5.0
36,3531488,4.0
36,3531562,5.0
36,3536806,3.0
36,3537214,5.0
36,3540033,1.0
36,3542217,4.0
36,3543494,3.8
36,3544100,4.0
36,3544589,4.0
36,3547598,5.0
36,3548526,4.0
36,3560541,5.0
36,3580219,3.0
36,3580571,5.0
36,3580732,5.0
36,3581552,3.0
36,3583250,4.0
36,3583355,3.0
36,3585428,5.0
36,3589264,4.4399999999999995
36,3589407,4.0
36,3593016,4.6
36,3597692,5.0
36,3600006,1.0
36,3601976,1.0
36,3622949,4.0
36,3623061,5.0
36,3629447,4.0
36,3632457,5.0
36,3637492,4.0
36,3642748,5.0
36,3652151,5.0
36,3652842,1.9
36,3655468,4.0
36,3663157,5.0
36,3665381,5.0
36,3667221,3.0
36,3667460,5.0
36,3681952,5.0
36,3685253,5.0
36,3686109,5.0
36,3686323,2.0
36,3692465,4.0
36,3702627,5.0
36,3716487,3.0
36,3719449,4.6
36,3726988,5.0
36,3737592,5.0
36,3746369,5.0
36,3749271,5.0
36,3753381,4.0
36,3754794,5.0
36,3755340,5.0
36,3759870,5.0
36,3767179,4.0
36,3769028,3.0
36,3775255,5.0
36,3782935,3.0
36,3783921,5.0
36,3809416,5.0
36,3811482,5.0
36,3811578,4.0
36,3812282,5.0
36,3813406,3.0
36,3813448,5.0
36,3814354,5.0
36,3816346,3.0
36,3829348,5.0
36,3831043,4.0
36,3833684,4.0
36,3840265,2.0
36,3848364,4.0
36,3849111,4.0
36,3849789,3.0
36,3867795,4.0
36,3868600,3.0
36,3879253,5.0
36,3882797,5.0
36,3892411,5.0
36,3892786,5.0
36,3895469,3.0
36,3897055,5.0
36,3899141,5.0
36,3899330,5.0
36,3905501,1.0
36,3907342,3.0
36,3911208,4.0
36,3914219,5.0
36,3920173,4.0
36,3920518,5.0
36,3921096,3.0
36,3925613,5.0
36,3938355,5.0
36,3939595,1.0
36,3943025,4.833333333333333
36,3943330,3.0
36,3949160,3.25
36,3951733,5.0
36,3951831,4.0
36,3952030,3.0
36,3952217,5.0
36,3967870,5.0
36,3968176,4.0
36,3971959,5.0
36,3972866,5.0
36,3973311,5.0
36,3973526,4.0
36,3974082,4.0
36,3975207,2.15
36,3995930,1.0
36,3998553,1.0
36,3998728,5.0
36,4019673,4.0
36,4022564,5.0
36,4028765,3.0
36,4028873,4.0
36,4035016,3.0
36,4046426,5.0
36,4047547,5.0
36,4047735,4.5
36,4051240,5.0
36,4055237,1.0
36,4074679,5.0
36,4087482,5.0
36,4090617,5.0
36,4100140,2.0
36,4101675,3.0
36,4104696,5.0
36,4107063,5.0
36,4111283,3.75
36,4117125,4.0
36,4118182,3.0
36,4124476,5.0
36,4124574,5.0
36,4136263,1.0
36,4139953,2.5
36,4140683,5.0
36,4153446,5.0
36,4169576,1.0
36,4174615,4.0
36,4180547,4.0
36,4183126,4.0
36,4184133,1.0
36,4195147,4.0
36,4205560,5.0
36,4213545,3.85
36,4214928,4.0
36,4217426,5.0
36,4220562,5.0
36,4225792,5.0
36,4228125,2.0
36,4228922,5.0
36,4230625,4.0
36,4235054,4.5
36,4235165,3.0
36,4235827,5.0
36,4238948,4.0
36,4240674,4.0
36,4241462,5.0
36,4243586,4.0
36,4243610,5.0
36,4244685,1.0
36,4253180,4.5
36,4253316,1.0
36,4257330,4.4
36,4258888,5.0
36,4259124,2.0
36,4259479,4.85
36,4273225,3.25
36,4273410,5.0
36,4275289,3.0
36,4276561,2.0
36,4277537,4.333333333333333
36,4277651,5.0
36,4282651,5.0
36,4283062,5.0
36,4283084,4.0
36,4284200,3.0
36,4295295,4.0
36,4296102,5.0
36,4297490,4.2
36,4302710,5.0
36,4302838,5.0
36,4308181,3.0
36,4308651,4.0
36,4312643,4.0
36,4314658,5.0
36,4336774,4.0
36,4342463,4.0
36,4350669,5.0
36,4359734,5.0
36,4364377,5.0
36,4369615,5.0
36,4376929,3.0
36,4377546,2.0
36,4381199,5.0
36,4386005,5.0
36,4389441,4.0
36,4390629,4.0
36,4396254,2.0
36,4399776,5.0
36,4401217,1.0
36,4406146,1.0
36,4406182,3.0
36,4410642,4.0
36,4411958,1.0
36,4415209,4.0
36,4416894,4.0
36,4416897,2.0
36,4416959,5.0
36,4417091,4.0
36,4417180,5.0
36,4422302,5.0
36,4422548,5.0
36,4428245,5.0
36,4428339,3.0
36,4428374,4.0
36,4439442,4.0
36,4440681,2.0
36,4448910,1.0
36,4449859,5.0
36,4452748,5.0
36,4452975,1.0
36,4457416,1.0
36,4457740,5.0
36,4471519,4.5
36,4473316,5.0
36,4473404,5.0
36,4473592,3.0
36,4473790,5.0
36,4480288,4.0
36,4481435,2.0
36,4482217,4.0
36,4483091,5.0
36,4483336,4.0
36,4498457,4.0
36,4513959,4.0
36,4516395,5.0
36,4521838,4.5
36,4523615,4.0
36,4523779,3.0
36,4529038,5.0
36,4535257,5.0
36,4536012,5.0
36,4541218,5.0
36,4548881,3.0
36,4555783,4.0
36,4568594,4.0
36,4570379,5.0
36,4570730,5.0
36,4571138,5.0
36,4576568,5.0
36,4581128,3.0
36,4592083,4.0
36,4594953,4.0
36,4598391,4.0
36,4601055,1.0
36,4610825,4.0
36,4616508,1.0
36,4622758,4.0
36,4622784,2.0
36,4629131,4.0
36,4635860,5.0
36,4640717,3.0
36,4641262,3.0
36,4648380,4.0
36,4664984,5.0
36,4665302,5.0
36,4670204,5.0
36,4681735,5.0
36,4684240,5.0
36,4708582,5.0
36,4713948,5.0
36,4737720,3.0
36,4739949,5.0
36,4742093,5.0
36,4743996,1.0
36,4808499,2.0
36,4808904,5.0
36,4827238,1.0
36,4830044,4.0
36,4830117,4.75
36,4841457,5.0
36,4857366,3.0
36,4861796,3.0
36,4861803,4.0
36,4865996,5.0
36,4874257,5.0
36,4879518,4.0
36,4884175,5.0
36,4884945,2.5
36,4889895,3.0
36,4895712,1.0
36,4896161,5.0
36,4896627,3.0
36,4897124,5.0
36,4903221,2.0
36,4907926,4.0
36,4908806,3.8
36,4918138,5.0
36,4919835,3.0
36,4920588,5.0
36,4937957,5.0
36,4948902,5.0
36,4964829,4.0
36,4975730,4.0
36,4982964,5.0
36,4996005,5.0
36,4997050,4.0
36,4998204,3.0
36,5008832,5.0
36,5010027,5.0
36,5014387,4.0
36,5015805,5.0
36,5026243,3.0
36,5039530,3.0
36,5048256,1.0
36,5048406,4.0
36,5075859,2.0
36,5095080,5.0
36,5096388,4.0
36,5104671,5.0
36,5115521,3.0
36,5130303,4.0
36,5131402,5.0
36,5151353,5.0
36,5152959,1.0
36,5170441,4.0
36,5174224,5.0
36,5175108,1.0
36,5175199,1.0
36,5177743,4.0
36,5190878,2.0
36,5196960,5.0
36,5198236,3.0
36,5200506,5.0
36,5212113,4.0
36,5215076,5.0
36,5216122,5.0
36,5232273,4.0
36,5233665,2.0
36,5263402,5.0
36,5271912,4.5
36,5314374,1.0
36,5315952,1.0
36,5318561,5.0
36,5320075,5.0
36,5333465,4.0
36,5336327,5.0
36,5340145,4.0
36,5342233,5.0
36,5363158,4.0
36,5363654,5.0
36,5371668,5.0
36,5372866,5.0
36,5377201,5.0
36,5398220,5.0
36,5398273,3.0
36,5398308,1.0
36,5402325,5.0
36,5409793,3.0
36,5410743,4.0
36,5417220,4.0
36,5419371,5.0
36,5426356,1.0
36,5428192,3.0
36,5459505,5.0
36,5474062,4.0
36,5489050,4.25
36,5489603,4.0
36,5504831,5.0
36,5514284,4.0
36,5536401,4.0
36,5576867,4.0
36,5595568,4.0
36,5602437,5.0
36,5609823,2.0
36,5609854,5.0
36,5613674,4.0
36,5627826,5.0
36,5628151,5.0
36,5631333,4.0
36,5638405,5.0
36,5646440,5.0
36,5649706,3.5
36,5652602,5.0
36,5661981,5.0
36,5664135,4.0
36,5692722,4.0
36,5699771,5.0
36,5704673,2.0
36,5706108,4.0
36,5712200,2.0
36,5714286,4.0
36,5716527,5.0
36,5719224,4.0
36,5727533,2.0
36,5737923,5.0
36,5742383,4.6875
36,5749335,4.0
36,5756995,5.0
36,5761923,5.0
36,5762473,2.0
36,5762507,5.0
36,5764237,5.0
36,5776256,4.0
36,5786418,5.0
36,5792290,4.0
36,5793210,4.4
36,5794558,4.0
36,5794918,4.0
36,5848374,4.0
36,5855264,5.0
36,5860021,4.0
36,5861785,4.0
36,5869032,5.0
36,5881646,5.0
36,5886561,3.0
36,5898467,5.0
36,5905685,5.0
36,5921868,1.0
36,5924152,4.0
36,5929763,5.0
36,5930533,3.0
36,5931537,4.0
36,5963813,5.0
36,5993096,2.0
36,6016450,3.0
36,6039389,5.0
36,6053522,1.0
36,6054997,4.0
36,6081531,4.0
36,6082001,1.0
36,6088137,4.166666666666667
36,6091797,4.0
36,6147458,1.0
36,6150163,4.0
36,6161320,1.0
36,6170867,5.0
36,6173061,5.0
36,6197643,4.0
36,6198018,5.0
36,6205599,1.0
36,6215233,4.0
36,6224642,3.0
36,6246619,3.0
36,6251108,5.0
36,6251806,5.0
36,6256857,4.0
36,6256861,3.0
36,6263466,3.0
36,6267904,1.0
36,6284839,1.0
36,6287587,5.0
36,6315646,5.0
36,6316721,4.0
36,6329346,2.0
36,6330534,5.0
36,6333391,5.0
36,6365437,5.0
36,6367068,3.0
36,6367098,4.0
36,6368548,4.0
36,6371263,3.0
36,6377763,5.0
36,6391068,5.0
36,6394331,4.0
36,6398154,5.0
36,6414007,4.0
36,6445445,2.0
36,6446358,5.0
36,6446681,5.0
36,6460866,1.0
36,6469568,4.0
36,6471473,5.0
36,6477288,4.0
36,6491732,2.0
36,6499877,4.0
36,6500978,3.642857142857143
36,6502046,5.0
36,6505713,5.0
36,6506257,4.5
36,6507438,5.0
36,6519654,5.0
36,6522340,5.0
36,6529179,5.0
36,6530985,5.0
36,6543830,3.0
36,6548348,5.0
36,6564744,1.0
36,6576563,4.0
36,6580749,4.0
36,6580840,4.0
36,6599012,4.5
36,6602120,2.0
36,6613761,5.0
36,6619278,1.0
36,6631282,1.0
36,6649084,2.0
36,6681415,3.0
36,6696784,1.0
36,6716734,5.0
36,6720477,5.0
36,6725536,5.0
36,6733384,5.0
36,6742164,5.0
36,6745035,5.0
36,6757167,4.0
36,6767186,1.0
36,6768348,5.0
36,6773575,4.0
36,6785116,5.0
36,6795815,5.0
36,6799593,1.0
36,6811911,5.0
36,6814452,5.0
36,6817549,3.0
36,6829863,3.0
36,6829942,4.0
36,6831702,5.0
36,6845967,5.0
36,6846003,5.0
36,6849762,4.0
36,6850900,3.0
36,6872518,2.0
36,6874273,1.0
36,6895404,3.0
36,6902817,1.0
36,6910825,4.0
36,6911002,5.0
36,6935055,5.0
36,6951392,5.0
36,6965791,5.0
36,6974476,4.2
36,6989439,5.0
36,6990275,4.0
36,6991198,5.0
36,7000437,3.0
36,7005037,5.0
36,7025717,4.0
36,7033646,4.0
36,7043165,5.0
36,7096110,5.0
36,7105449,3.0
36,7108514,4.0
36,7110038,1.0
36,7110108,5.0
36,7111703,5.0
36,7117565,5.0
36,7134721,4.0
36,7134778,3.0
36,7134953,5.0
36,7153236,1.0
36,7153325,5.0
36,7155043,5.0
36,7160507,1.0
36,7165405,5.0
36,7170823,5.0
36,7204002,5.0
36,7205701,3.0
36,7210784,5.0
36,7238518,1.0
36,7239222,1.0
36,7240075,5.0
36,7241177,5.0
36,7244230,5.0
36,7271664,4.5
36,7275351,4.0
36,7282330,5.0
36,7291752,4.0
36,7301214,3.0
36,7309633,5.0
36,7318406,1.0
36,7335233,5.0
36,7339977,4.0
36,7353798,3.0
36,7360525,4.0
36,7365311,3.0
36,7365421,4.0
36,7369099,4.166666666666667
36,7371331,4.375
36,7375040,4.0
36,7375522,5.0
36,7375937,5.0
36,7376609,1.0
36,7381038,4.0
36,7381390,5.0
36,7382144,5.0
36,7385186,4.0
36,7397424,2.0
36,7402509,1.0
36,7406782,5.0
36,7409098,3.0
36,7427571,5.0
36,7431221,4.0
36,7435113,3.0
36,7435413,4.0
36,7437730,3.7
36,7438049,4.0
36,7444423,2.0
36,7445666,4.0
36,7453678,4.0
36,7460475,5.0
36,7460914,5.0
36,7469294,4.0
36,7476872,5.0
36,7483546,4.0
36,7485942,4.0
36,7486009,1.0
36,7493027,5.0
36,7499533,5.0
36,7518456,5.0
36,7520868,4.0
36,7530721,2.0
36,7531589,5.0
36,7554094,4.5
36,7554156,5.0
36,7555580,5.0
36,7581432,2.0
36,7584296,5.0
36,7587964,4.0
36,7589693,5.0
36,7596841,4.0
36,7608527,5.0
36,7617888,3.5
36,7620190,4.0
36,7637170,2.0
36,7637185,4.0
36,7637438,5.0
36,7653020,5.0
36,7658594,5.0
36,7664137,4.0
36,7684639,5.0
36,7693180,5.0
36,7734200,4.833333333333333
36,7747152,5.0
36,7747977,4.0
36,7749365,1.0
36,7758379,5.0
36,7785120,4.0
36,7790788,5.0
36,7797969,4.0
36,7800975,5.0
36,7826647,5.0
36,7841658,4.0
36,7854887,1.0
36,7858894,4.0
36,7860117,4.5
36,7875804,5.0
36,7881147,1.0
36,7884858,3.0
36,7885586,1.0
36,7894981,3.0
36,7902319,1.0
36,7904863,4.0
36,7906257,4.0
36,7931894,3.0
36,7932210,3.0
36,7935618,5.0
36,7936100,5.0
36,7936715,3.0
36,7940256,4.0
36,7942687,5.0
36,7954403,4.0
36,7959753,3.0
36,7959806,4.0
36,7977204,5.0
36,7995849,4.0
36,7996263,3.0
36,7999221,5.0
36,8013064,5.0
36,8023706,5.0
36,8026601,5.0
36,8028880,5.0
36,8031396,5.0
36,8059378,4.0
36,8068056,1.0
36,8093619,5.0
36,8099098,5.0
36,8104951,5.0
36,8105586,3.0
36,8121623,5.0
36,8129894,5.0
36,8138064,4.0
36,8138518,5.0
36,8138892,3.0
36,8146789,1.0
36,8152037,5.0
36,8161200,3.0
36,8161751,5.0
36,8167867,3.0
36,8174971,5.0
36,8179847,4.0
36,8184476,2.0
36,8191503,2.0
36,8194346,3.0
36,8274258,5.0
36,8276156,2.0
36,8292039,2.0
36,8312867,5.0
36,8312982,5.0
36,8328693,4.0
36,8344429,5.0
36,8353458,5.0
36,8362452,4.0
36,8381549,4.0
36,8382168,5.0
36,8382389,3.0
36,8384267,5.0
36,8392141,3.0
36,8424843,4.0
36,8433364,5.0
36,8447815,5.0
36,8449185,4.0
36,8462816,5.0
36,8495184,5.0
36,8495635,5.0
36,8504449,3.0
36,8510981,5.0
36,8511220,5.0
36,8528523,2.0
36,8549227,5.0
36,8581365,5.0
36,8582756,1.0
36,8591846,4.0
36,8612861,3.0
36,8651756,5.0
36,8654544,5.0
36,8659079,1.0
36,8665418,5.0
36,8669513,5.0
36,8684480,4.0
36,8687955,5.0
36,8733311,3.0
36,8738526,5.0
36,8753791,3.0
36,8756997,4.0
36,8768865,4.0
36,8770932,3.0
36,8778927,5.0
36,8812765,2.0
36,8813542,5.0
36,8841668,3.0
36,8849433,5.0
36,8860946,5.0
36,8863209,4.0
36,8863286,5.0
36,8882388,4.0
36,8885216,4.0
36,8887075,5.0
36,8896063,4.0
36,8908989,2.0
36,8909295,5.0
36,8909349,3.5
36,8965320,5.0
36,8968303,3.0
36,8978703,4.0
36,9011273,5.0
36,9057338,1.0
36,9086418,4.0
36,9095524,3.0
36,9100140,5.0
36,9103709,1.0
36,9105523,3.0
36,9110059,4.0
36,9110065,1.0
36,9154841,4.0
36,9177229,3.857142857142857
36,9183295,3.0
36,9201297,5.0
36,9207036,5.0
36,9213508,5.0
36,9216091,4.833333333333333
36,9254116,5.0
36,9286438,4.0
36,9380226,4.0
36,9383543,1.0
36,9394670,4.0
36,9396451,4.0
36,9396912,5.0
36,9397443,5.0
36,9410384,5.0
36,9436453,4.0
36,9459003,5.0
36,9470896,5.0
36,9505532,5.0
36,9514141,5.0
36,9514462,3.0
36,9526699,2.0
36,9545380,3.0
36,9545553,5.0
36,9545627,5.0
36,9545663,4.0
36,9545700,3.0
36,9550149,5.0
36,9552482,5.0
36,9556505,1.0
36,9557523,5.0
36,9564366,5.0
36,9567539,5.0
36,9568128,5.0
36,9587186,2.0
36,9610265,4.0
36,9630831,5.0
36,9631560,5.0
36,9635006,3.0
36,9653245,1.0
36,9661982,4.0
36,9684166,5.0
36,9692332,4.0
36,9700139,4.0
36,9718165,4.0
36,9744199,5.0
36,9746030,3.0
36,9748794,4.0
36,9757244,2.0
36,9761576,4.0
36,9767313,5.0
36,9768848,1.0
36,9790954,5.0
36,9805484,3.0
36,9805554,5.0
36,9808193,5.0
36,9834238,2.0
36,9836954,5.0
36,9915644,5.0
36,9924667,5.0
36,9935248,2.0
36,9936134,5.0
36,9940397,1.0
36,9942378,4.0
36,9951064,3.0
36,9982904,5.0
36,9995459,5.0
36,10013601,1.0
36,10013648,1.0
36,10023727,1.0
36,10023819,3.5
36,10025133,3.0
36,10044287,5.0
36,10046607,3.0
36,10072540,4.0
36,10077710,4.0
36,10078773,3.0
36,10083031,4.0
36,10094983,4.0
36,10113083,1.0
36,10121619,1.0
36,10149023,5.0
36,10230182,5.0
36,10236143,3.0
36,10236397,5.0
36,10245032,4.0
36,10262781,3.0
36,10264825,5.0
36,10264826,1.0
36,10328523,5.0
36,10332436,3.0
36,10374129,5.0
36,10376669,5.0
36,10404616,5.0
36,10437069,1.0
36,10467753,4.0
36,10479648,3.0
36,10482753,5.0
36,10499146,3.0
36,10500838,4.0
36,10520571,1.0
36,10520733,5.0
36,10546389,4.5
36,10554756,5.0
36,10596627,1.0
36,10619897,5.0
36,10626987,5.0
36,10627822,1.0
36,10648431,4.0
36,10660122,4.0
36,10709530,4.0
36,10721466,4.0
36,10722796,1.0
36,10752697,5.0
36,10754128,1.0
36,10816732,3.0
36,10822904,4.0
36,10824351,4.0
36,10824466,4.0
36,10824946,5.0
36,10824968,4.0
36,10824999,4.0
36,10830134,4.0
36,10841325,1.0
36,10842841,3.5
36,10880901,5.0
36,10895000,1.0
36,10898118,5.0
36,10942328,1.0
36,11106349,2.0
36,11128302,1.0
36,11151412,5.0
36,11197587,4.0
36,11203663,5.0
36,11242581,3.0
36,11403677,5.0
36,11435290,5.0
36,11456818,5.0
36,11465738,5.0
36,11470142,1.0
36,11477594,4.0
36,11512488,5.0
36,11539051,5.0
36,11542671,5.0
36,11548107,3.0
36,11602682,5.0
36,11630937,3.5
36,11693258,3.0
36,11711675,4.0
36,11768900,4.5
36,11771651,5.0
36,11771711,3.0
36,11771766,5.0
36,11788028,4.0
36,11799004,5.0
36,11943769,3.0
36,11988705,3.5
36,11990543,4.0
36,12052248,3.0
36,12094159,4.0
36,12096837,3.0
36,12110924,4.0
36,12110934,5.0
36,12110943,3.0
36,12180414,5.0
36,12295483,5.0
36,12423317,4.0
36,12423359,3.0
36,12435648,4.0
37,5749122,4.0
38,7626372,5.0
39,4446721,3.0
40,9514462,3.0
41,4833434,5.0
42,88434,1.0
43,3621661,5.0
44,8138892,3.0
45,1867606,1.0
46,4801681,1.0
47,2267355,5.0
47,4144086,4.6
47,6764356,4.0
48,8386975,5.0
49,5611227,5.0
50,11285671,4.0
51,1802740,4.0
52,81145,4.0
52,88405,5.0
52,174839,2.5
52,441246,3.0
52,853680,3.0
52,1143999,4.0
52,1446250,4.5
52,1491195,3.0
52,1553512,4.0
52,1607556,4.0
52,1681358,4.333333333333333
52,1718021,4.0
52,1829830,4.0
52,1941586,5.0
52,2026638,5.0
52,2054676,5.0
52,2487394,4.0
52,2897961,5.0
52,3085949,4.0
52,3583107,5.0
52,3632457,4.0
52,3716874,3.0
52,3910339,3.5
52,3974082,3.0
52,4594898,4.0
52,4738932,3.0
52,5181475,5.0
52,5271912,4.0
52,5785493,4.0
52,6081418,5.0
52,6616892,5.0
52,6745366,5.0
52,7894981,5.0
52,7936100,3.0
52,7960089,4.0
52,8344429,5.0
52,8738719,5.0
52,8947660,4.0
52,8955245,3.0
52,9545646,4.0
52,9788820,4.0
52,9942378,3.0
52,11357144,4.0
52,11695082,5.0
53,8328426,5.0
54,1140221,2.75
55,2563270,5.0
56,239480,4.0
56,2267355,4.0
56,2906633,4.0
56,2926648,5.0
56,3022312,5.0
56,3069800,4.0
56,5271912,2.0
56,6974476,5.0
56,6998202,5.0
56,7358580,4.0
56,7369099,3.0
56,7371998,4.0
56,7734200,3.0
56,8474658,3.0
56,9012307,4.0
56,9704202,5.0
57,81145,4.0
57,417967,5.0
57,546773,5.0
57,596306,5.0
57,708283,4.0
57,772972,5.0
57,1053932,5.0
57,1559699,5.0
57,1808376,5.0
57,1937069,5.0
57,2897420,5.0
57,2940955,5.0
57,3069800,5.0
57,3657925,5.0
57,3943025,5.0
57,4121013,5.0
57,4235165,5.0
57,4261249,5.0
57,4277537,5.0
57,5271912,5.0
57,5793210,5.0
57,6081925,5.0
57,6764356,5.0
57,6887360,5.0
57,7369099,5.0
57,7734200,5.0
57,8087852,4.0
57,8728411,4.0
57,9381670,4.0
57,9397443,5.0
58,97242,5.0
58,125299,4.5
58,633972,5.0
58,3058921,5.0
58,3069800,5.0
58,3955633,5.0
58,4164738,5.0
58,6974476,5.0
58,7068673,5.0
58,7884858,5.0
58,8416389,5.0
58,8669513,4.0
58,9177229,5.0
59,1489863,3.0
60,928731,5.0
61,2884542,4.0
62,1484311,5.0
63,7100093,2.0
64,1910334,2.0
65,5726144,2.0
65,7415918,5.0
66,10824883,3.0
67,125299,4.0
67,545030,4.0
67,734659,5.0
67,1112552,4.0
67,1848445,5.0
67,2149475,4.0
67,2407661,4.0
67,2882254,4.0
67,3178825,4.0
67,3967585,4.0
67,5793210,4.0
67,5925101,4.0
67,7185166,4.0
67,10479648,3.0
68,1541708,3.0
68,1548789,3.0
68,5102930,3.0
69,2579637,5.0
70,2940955,4.0
71,3058921,5.0
72,493336,2.0
72,708283,5.0
72,1571053,3.0
72,4140564,5.0
72,7016851,4.0
72,7932210,3.0
73,2536578,5.0
73,9803588,4.0
73,10467753,4.0
74,1018109,3.0
75,881032,4.0
76,4157381,1.0
77,2483241,5.0
78,125299,4.0
78,5154179,4.0
78,6717207,5.0
79,5217742,0.2
80,1518235,4.0
81,140301,5.0
81,6524513,4.0
82,3054427,5.0
83,9584833,1.0
84,2401290,3.0
86,239480,5.0
87,1808376,5.0
88,7358580,5.0
89,73191,4.0
89,4856582,5.0
90,3289979,5.0
91,708283,4.0
92,7568235,4.0
93,5490915,5.0
94,1681358,3.0
94,2416275,4.0
94,10257809,5.0
95,302728,3.25
96,8929726,5.0
97,2714255,4.0
98,479854,4.35
99,7734200,4.0
